{
    "metrics": {
        "iterations": {
            "count": 25,
            "rate": 4.508885191122085
        },
        "data_sent": {
            "count": 12867,
            "rate": 2320.6330301667144
        },
        "http_req_failed": {
            "passes": 0,
            "fails": 51,
            "thresholds": {
                "rate<0.05": false
            },
            "value": 0
        },
        "http_req_waiting": {
            "min": 3.7421,
            "avg": 38.977094117647056,
            "med": 20.0407,
            "p(90)": 145.1463,
            "p(95)": 209.06895,
            "max": 210.397
        },
        "checks": {
            "passes": 125,
            "fails": 0,
            "thresholds": {
                "rate>0.95": false
            },
            "value": 1
        },
        "http_req_duration": {
            "avg": 39.33264901960784,
            "med": 20.0407,
            "p(90)": 145.6772,
            "p(95)": 209.57555000000002,
            "max": 210.9036,
            "min": 3.7421,
            "thresholds": {
                "p(95)<800": false
            }
        },
        "http_reqs": {
            "count": 51,
            "rate": 9.198125789889053
        },
        "http_req_connecting": {
            "p(95)": 0.5744,
            "max": 1.1488,
            "min": 0,
            "avg": 0.07767647058823529,
            "med": 0,
            "p(90)": 0.5151
        },
        "data_received": {
            "rate": 3851.129019441195,
            "count": 21353
        },
        "vus": {
            "value": 5,
            "min": 5,
            "max": 5
        },
        "iteration_duration": {
            "max": 1224.1588,
            "min": 1034.9996,
            "avg": 1078.1691639999997,
            "med": 1041.858,
            "p(90)": 1223.65438,
            "p(95)": 1223.8369
        },
        "http_req_duration{expected_response:true}": {
            "min": 3.7421,
            "avg": 39.33264901960784,
            "med": 20.0407,
            "p(90)": 145.6772,
            "p(95)": 209.57555000000002,
            "max": 210.9036
        },
        "group_duration": {
            "min": 3.7421,
            "avg": 38.43329799999999,
            "med": 22.51775,
            "p(90)": 58.65304000000023,
            "p(95)": 210.71433000000002,
            "max": 211.9056
        },
        "http_req_receiving": {
            "p(90)": 1.0003,
            "p(95)": 1.28915,
            "max": 2.0077,
            "min": 0,
            "avg": 0.26474705882352945,
            "med": 0
        },
        "http_req_blocked": {
            "med": 0,
            "p(90)": 0.5466,
            "p(95)": 1.1488,
            "max": 1.2743,
            "min": 0,
            "avg": 0.11508823529411764
        },
        "http_req_tls_handshaking": {
            "min": 0,
            "avg": 0,
            "med": 0,
            "p(90)": 0,
            "p(95)": 0,
            "max": 0
        },
        "http_req_sending": {
            "min": 0,
            "avg": 0.09080784313725491,
            "med": 0,
            "p(90)": 0,
            "p(95)": 0.4726,
            "max": 2.8551
        },
        "vus_max": {
            "value": 5,
            "min": 5,
            "max": 5
        }
    },
    "root_group": {
        "name": "",
        "path": "",
        "id": "d41d8cd98f00b204e9800998ecf8427e",
        "groups": {
            "Checkout - check inventory": {
                "path": "::Checkout - check inventory",
                "id": "0a3c643aaf24f97386852c73d5bed744",
                "groups": {},
                "checks": {
                        "GET /api/inventory/{id}/check status is 200": {
                            "path": "::Checkout - check inventory::GET /api/inventory/{id}/check status is 200",
                            "id": "90c9d398e0dd90a70a65d75852013c54",
                            "passes": 25,
                            "fails": 0,
                            "name": "GET /api/inventory/{id}/check status is 200"
                        },
                        "Inventory available before order": {
                            "passes": 25,
                            "fails": 0,
                            "name": "Inventory available before order",
                            "path": "::Checkout - check inventory::Inventory available before order",
                            "id": "307c0464a4747f28f7347b60d2c52fdb"
                        }
                    },
                "name": "Checkout - check inventory"
            },
            "Checkout - create order": {
                "checks": {
                    "POST /api/orders status is 201": {
                        "name": "POST /api/orders status is 201",
                        "path": "::Checkout - create order::POST /api/orders status is 201",
                        "id": "5ea536306781ec604b6c6d68c32ee8b0",
                        "passes": 25,
                        "fails": 0
                    },
                    "POST /api/orders returns orderId": {
                        "fails": 0,
                        "name": "POST /api/orders returns orderId",
                        "path": "::Checkout - create order::POST /api/orders returns orderId",
                        "id": "6c51345b5dc027c54ac0d0e894689653",
                        "passes": 25
                    },
                    "POST /api/orders totalPrice > 0": {
                        "name": "POST /api/orders totalPrice > 0",
                        "path": "::Checkout - create order::POST /api/orders totalPrice > 0",
                        "id": "5c9eba25e1bdbe394a128c2b83437df7",
                        "passes": 25,
                        "fails": 0
                    }
                },
                "name": "Checkout - create order",
                "path": "::Checkout - create order",
                "id": "0df3aefa20eaa3ca351d835d43e504dd",
                "groups": {}
            }
        },
        "checks": {}
    }
}