{
    "metrics": {
        "checks": {
            "passes": 125,
            "fails": 0,
            "thresholds": {
                "rate>0.95": false
            },
            "value": 1
        },
        "http_req_blocked": {
            "min": 0,
            "avg": 0.41849607843137254,
            "med": 0,
            "p(90)": 1.835,
            "p(95)": 3.3558,
            "max": 7.6059
        },
        "http_req_connecting": {
            "min": 0,
            "avg": 0.25481764705882354,
            "med": 0,
            "p(90)": 1.0933,
            "p(95)": 1.835,
            "max": 3.3558
        },
        "http_req_waiting": {
            "p(90)": 5.9702,
            "p(95)": 30.26435,
            "max": 31.7651,
            "min": 0.696,
            "avg": 5.954188235294121,
            "med": 4.4218
        },
        "data_received": {
            "count": 21353,
            "rate": 4192.494992194023
        },
        "http_req_receiving": {
            "med": 0,
            "p(90)": 0.7714,
            "p(95)": 0.90055,
            "max": 1.0294,
            "min": 0,
            "avg": 0.18865098039215686
        },
        "data_sent": {
            "rate": 2526.335084745024,
            "count": 12867
        },
        "http_req_failed": {
            "passes": 0,
            "fails": 51,
            "thresholds": {
                "rate<0.05": false
            },
            "value": 0
        },
        "iteration_duration": {
            "med": 1008.6382,
            "p(90)": 1039.0888,
            "p(95)": 1039.0888,
            "max": 1039.0888,
            "min": 1006.3616,
            "avg": 1014.7256240000003
        },
        "group_duration": {
            "med": 5.470549999999999,
            "p(90)": 17.376550000000005,
            "p(95)": 30.766785,
            "max": 31.7651,
            "min": 1.2572,
            "avg": 7.094904000000001
        },
        "http_reqs": {
            "count": 51,
            "rate": 10.013452189476663
        },
        "http_req_tls_handshaking": {
            "min": 0,
            "avg": 0,
            "med": 0,
            "p(90)": 0,
            "p(95)": 0,
            "max": 0
        },
        "vus": {
            "value": 5,
            "min": 5,
            "max": 5
        },
        "http_req_duration": {
            "p(95)": 30.76665,
            "max": 31.7651,
            "min": 1.2572,
            "avg": 6.514866666666671,
            "med": 4.8004,
            "p(90)": 16.4743,
            "thresholds": {
                "p(95)<800": false
            }
        },
        "iterations": {
            "count": 25,
            "rate": 4.908554994841501
        },
        "http_req_duration{expected_response:true}": {
            "p(95)": 30.76665,
            "max": 31.7651,
            "min": 1.2572,
            "avg": 6.514866666666671,
            "med": 4.8004,
            "p(90)": 16.4743
        },
        "http_req_sending": {
            "p(90)": 0.3953,
            "p(95)": 1.5208,
            "max": 12.0525,
            "min": 0,
            "avg": 0.37202745098039214,
            "med": 0
        },
        "vus_max": {
            "value": 5,
            "min": 5,
            "max": 5
        }
    },
    "root_group": {
        "path": "",
        "id": "d41d8cd98f00b204e9800998ecf8427e",
        "groups": {
            "Checkout - check inventory": {
                "name": "Checkout - check inventory",
                "path": "::Checkout - check inventory",
                "id": "0a3c643aaf24f97386852c73d5bed744",
                "groups": {},
                "checks": {
                        "GET /api/inventory/{id}/check status is 200": {
                            "name": "GET /api/inventory/{id}/check status is 200",
                            "path": "::Checkout - check inventory::GET /api/inventory/{id}/check status is 200",
                            "id": "90c9d398e0dd90a70a65d75852013c54",
                            "passes": 25,
                            "fails": 0
                        },
                        "Inventory available before order": {
                            "name": "Inventory available before order",
                            "path": "::Checkout - check inventory::Inventory available before order",
                            "id": "307c0464a4747f28f7347b60d2c52fdb",
                            "passes": 25,
                            "fails": 0
                        }
                    }
            },
            "Checkout - create order": {
                "name": "Checkout - create order",
                "path": "::Checkout - create order",
                "id": "0df3aefa20eaa3ca351d835d43e504dd",
                "groups": {},
                "checks": {
                        "POST /api/orders status is 201": {
                            "fails": 0,
                            "name": "POST /api/orders status is 201",
                            "path": "::Checkout - create order::POST /api/orders status is 201",
                            "id": "5ea536306781ec604b6c6d68c32ee8b0",
                            "passes": 25
                        },
                        "POST /api/orders returns orderId": {
                            "fails": 0,
                            "name": "POST /api/orders returns orderId",
                            "path": "::Checkout - create order::POST /api/orders returns orderId",
                            "id": "6c51345b5dc027c54ac0d0e894689653",
                            "passes": 25
                        },
                        "POST /api/orders totalPrice > 0": {
                            "fails": 0,
                            "name": "POST /api/orders totalPrice > 0",
                            "path": "::Checkout - create order::POST /api/orders totalPrice > 0",
                            "id": "5c9eba25e1bdbe394a128c2b83437df7",
                            "passes": 25
                        }
                    }
            }
        },
        "checks": {},
        "name": ""
    }
}